{"time": [0.046, 0.056, 0.066, 0.076, 0.087, 0.097, 0.107, 0.117, 0.127, 0.137, 0.147, 0.157, 0.167, 0.177, 0.187, 0.197, 0.207, 0.217, 0.227, 0.237, 0.247, 0.258, 0.268, 0.278, 0.288, 0.298, 0.308, 0.318, 0.328, 0.338, 0.348, 0.358, 0.368, 0.378, 0.388, 0.398, 0.408, 0.418, 0.428, 0.439, 0.449, 0.459, 0.469, 0.479, 0.489, 0.499, 0.509, 0.519, 0.529, 0.539, 0.549, 0.559, 0.569, 0.579, 0.589, 0.599, 0.61, 0.62, 0.63, 0.64, 0.65, 0.66, 0.67, 0.68, 0.69, 0.7, 0.71, 0.72, 0.73, 0.74, 0.75, 0.76, 0.77, 0.781, 0.791, 0.801, 0.811, 0.821, 0.831, 0.841, 0.851, 0.861, 0.871, 0.881, 0.891, 0.901, 0.911, 0.921, 0.931, 0.941, 0.951, 0.962, 0.972, 0.982, 0.992, 1.002, 1.012, 1.022, 1.032, 1.042, 1.052, 1.062, 1.072, 1.082, 1.092, 1.102, 1.112, 1.122, 1.133, 1.143, 1.153, 1.163, 1.173, 1.183, 1.193, 1.203, 1.213, 1.223, 1.233, 1.243, 1.253, 1.263, 1.273, 1.283, 1.293, 1.304, 1.314, 1.324, 1.334, 1.344, 1.354, 1.364, 1.374, 1.384, 1.394, 1.404, 1.414, 1.424, 1.434, 1.444, 1.454, 1.464, 1.474, 1.485, 1.495, 1.505, 1.515, 1.525, 1.535, 1.545, 1.555, 1.565, 1.575, 1.585, 1.595, 1.605, 1.615, 1.625, 1.635, 1.645, 1.656, 1.666, 1.676, 1.686, 1.696, 1.706, 1.716, 1.726, 1.736, 1.746, 1.756, 1.766, 1.776, 1.786, 1.796, 1.806, 1.816, 1.827, 1.837, 1.847, 1.857, 1.867, 1.877, 1.887, 1.897, 1.907, 1.917, 1.927, 1.937, 1.947, 1.957, 1.967, 1.977, 1.987, 1.997, 2.008, 2.018, 2.028, 2.038, 2.048, 2.058, 2.068, 2.078, 2.088, 2.098, 2.108, 2.118, 2.128, 2.138, 2.148, 2.158, 2.168, 2.179, 2.189, 2.199, 2.209, 2.219, 2.229, 2.239, 2.249, 2.259, 2.269, 2.279, 2.289, 2.299, 2.309, 2.319, 2.329, 2.339, 2.35, 2.36, 2.37, 2.38, 2.39, 2.4, 2.41, 2.42, 2.43, 2.44, 2.45, 2.46, 2.47, 2.48, 2.49, 2.5, 2.51, 2.52, 2.531, 2.541, 2.551, 2.561, 2.571, 2.581, 2.591, 2.601, 2.611, 2.621, 2.631, 2.641, 2.651, 2.661, 2.671, 2.681, 2.691, 2.702, 2.712, 2.722, 2.732, 2.742, 2.752, 2.762, 2.772, 2.782, 2.792, 2.802, 2.812, 2.822, 2.832, 2.842, 2.852, 2.862, 2.873, 2.883, 2.893, 2.903, 2.913, 2.923, 2.933, 2.943, 2.953, 2.963, 2.973, 2.983, 2.993, 3.003, 3.013, 3.023, 3.033, 3.043, 3.054, 3.064, 3.074, 3.084, 3.094, 3.104, 3.114, 3.124, 3.134, 3.144, 3.154, 3.164, 3.174, 3.184, 3.194, 3.204, 3.214, 3.225, 3.235, 3.245, 3.255, 3.265, 3.275, 3.285, 3.295, 3.305, 3.315, 3.325, 3.335, 3.345, 3.355, 3.365, 3.375, 3.385, 3.396], "ax": [-0.26787, 0.10866, 0.23409, 0.19255, 0.05627, -0.03486, -0.12896, -0.12312, -0.03955, -0.03129, -0.0294, -0.09336, -0.14435, -0.07946, -0.03933, -0.0453, -0.18624, -0.19389, -0.16135, -0.13371, -0.19562, -0.22408, -0.18876, -0.19016, -0.12115, -0.1178, -0.04472, -0.01871, 0.02025, 0.00758, 0.03781, 0.05283, 0.03159, 0.01913, 0.00748, 0.08412, 0.11587, 0.13713, 0.128, 0.14707, 0.14246, 0.1138, 0.05966, 0.02931, 0.03138, 0.0076, 0.05233, 0.10869, 0.10597, 0.03336, -0.07513, -0.08778, -0.09684, -0.09747, -0.11366, -0.11165, -0.10686, -0.09965, -0.09758, -0.06663, -0.09023, -0.09965, -0.04993, -0.0093, -0.01742, -0.36593, -0.19872, -0.05743, 0.07806, 0.04913, 0.005, 0.03757, 0.02042, 0.04474, 0.04064, 0.02079, 0.04054, 0.11067, 0.14304, 0.07267, 0.0031, -0.01816, -0.04175, -0.02838, -0.05176, -0.03941, -0.03402, -0.0422, 0.02898, 0.12593, 0.15062, 0.05379, 0.07098, 0.05456, 0.00102, -0.04048, -0.04443, 0.00805, 0.03094, -0.04384, -0.04703, -0.04501, -0.03098, -0.06344, 0.0325, 0.02527, 0.02655, -0.05855, -0.10513, -0.13511, -0.1259, -0.06647, 0.02468, 0.0336, 0.0256, -0.00187, -0.02206, -0.05855, -0.06316, -0.07568, -0.04165, -0.01518, 0.02041, 0.08034, -0.00653, -0.03266, -0.08275, -0.37713, 0.05833, 0.0056, -0.0, -0.09107, -0.28039, -0.39383, -0.1987, 0.04334, 0.11478, 0.35101, 0.30354, 0.1879, 0.09621, 0.13883, 0.23549, 0.26934, 0.23652, 0.12185, 0.06679, 0.05328, -0.07687, -0.19948, -0.18443, -0.16566, -0.1313, -0.12538, -0.13262, -0.04281, 0.04865, 0.16582, 0.13198, 0.07785, 0.10259, 0.10415, 0.14403, 0.14591, 0.12777, 0.0729, 0.09365, 0.08668, 0.05937, 0.01608, -0.07077, -0.07673, -0.07072, -0.07166, -0.08491, -0.08622, -0.04457, -0.03443, -0.04297, -0.02867, -0.02623, -0.04571, -0.03432, -0.0378, -0.01246, -0.01985, 0.00864, 0.0096, 0.01508, 0.02029, 0.00026, 0.02933, 0.00276, -0.01069, -0.03449, -0.00484, -0.0449, -0.08176, -0.07778, -0.04589, -0.07246, -0.06089, -0.06686, -0.06516, -0.00576, 0.05607, 0.06353, 0.06018, -0.02607, -0.05395, -0.10316, -0.17325, -0.16587, -0.13651, -0.05895, 0.03021, 0.10767, 0.02363, -0.06075, 0.01303, 0.09466, 0.0876, 0.10808, 0.18445, 0.18551, 0.17202, 0.14198, 0.0752, -0.13855, -0.01392, 0.02251, -0.02629, 0.02074, 0.07884, 0.06449, 0.04654, 0.05596, -0.12289, -0.1166, 0.04062, 0.16192, 0.20707, 0.07581, 0.36204, 0.2635, -0.25729, -0.39042, -0.33876, -0.23644, -0.17261, 0.08102, 0.28133, 0.22327, 0.02604, -0.21937, -0.28763, -0.20234, -0.08211, -0.06149, -0.00897, 0.01279, 0.09565, 0.14228, 0.1547, 0.15579, 0.44053, 0.47925, 0.43734, 0.18367, 0.05729, 0.01891, 0.03183, 0.05275, -0.03041, -0.09859, -0.18647, -0.23892, -0.25588, -0.21077, -0.19482, -0.20432, -0.19251, -0.22818, -0.3064, -0.38682, -0.37568, -0.29658, -0.21339, 0.0073, 0.13698, 0.10692, 0.18218, 0.31357, 0.17828, 0.13116, 0.18412, 0.22036, 0.26517, 0.20168, 0.13273, 0.08123, 0.00268, -0.03286, -0.04805, 0.03653, 0.05139, -0.36451, -0.00872, -0.16479, -0.08564, 0.00372, 0.01374, 0.04658, 0.11307, 0.06189, 0.11972, -0.06907, 0.0219, -0.10871, 0.02034, 0.13327, 0.11919, -0.13516, -0.30556, 0.04591, -0.66655, 0.2448, -0.25881, -0.32535, -0.08271, -0.26781, -0.20524, 0.36508, 0.20686],